{
  "name": "MOHISA ORO AI -Afaan Oromo Professional App",
  "short_name": "MohisaAI",
  "description": "Afaan Oromoo TTS, STT, Image & Video AI. Developed by Mohammed Isa.",
  "start_url": "/",
  "display": "standalone",
  "orientation": "portrait",
  "theme_color": "#000000",
  "background_color": "#ffffff",
  "icons": [
    {
      "src": "https://images.unsplash.com/photo-1618005182384-a83a8bd57fbe?w=192&h=192&fit=crop",
      "sizes": "192x192",
      "type": "image/png"
    },
    {
      "src": "https://images.unsplash.com/photo-1618005182384-a83a8bd57fbe?w=512&h=512&fit=crop",
      "sizes": "512x512",
      "type": "image/png"
    }
  ],
  "requestFramePermissions": [
    "microphone",
    "camera",
    "geolocation"
  ]
}